<?xml version="1.0" encoding="UTF-8"?>
<GenRun Id="synth_1" LaunchPart="xc7a35tcpg236-3" LaunchTime="1592410658">
  <File Type="PA-TCL" Name="TopDesign.tcl"/>
  <File Type="RDS-PROPCONSTRS" Name="TopDesign_drc_synth.rpt"/>
  <File Type="REPORTS-TCL" Name="TopDesign_reports.tcl"/>
  <File Type="RDS-RDS" Name="TopDesign.vds"/>
  <File Type="RDS-UTIL" Name="TopDesign_utilization_synth.rpt"/>
  <File Type="RDS-UTIL-PB" Name="TopDesign_utilization_synth.pb"/>
  <File Type="RDS-DCP" Name="TopDesign.dcp"/>
  <File Type="VDS-TIMINGSUMMARY" Name="TopDesign_timing_summary_synth.rpt"/>
  <File Type="VDS-TIMING-PB" Name="TopDesign_timing_summary_synth.pb"/>
  <FileSet Name="sources" Type="DesignSrcs" RelSrcDir="$PSRCDIR/sources_1">
    <Filter Type="Srcs"/>
    <File Path="$PSRCDIR/sources_1/imports/sources_1/new/ClockScale.vhd">
      <FileInfo>
        <Attr Name="ImportPath" Val="$PPRDIR/../HWTrigger/HWTrigger.srcs/sources_1/new/ClockScale.vhd"/>
        <Attr Name="ImportTime" Val="1576593204"/>
        <Attr Name="UsedIn" Val="synthesis"/>
        <Attr Name="UsedIn" Val="simulation"/>
      </FileInfo>
    </File>
    <File Path="$PSRCDIR/sources_1/imports/sources_1/imports/sources_1/clock_divider.vhd">
      <FileInfo>
        <Attr Name="ImportPath" Val="$PPRDIR/../HWTrigger/HWTrigger.srcs/sources_1/imports/sources_1/clock_divider.vhd"/>
        <Attr Name="ImportTime" Val="1418390536"/>
        <Attr Name="UsedIn" Val="synthesis"/>
        <Attr Name="UsedIn" Val="simulation"/>
      </FileInfo>
    </File>
    <File Path="$PSRCDIR/sources_1/imports/sources_1/imports/sources_1/segmentdecoder.vhd">
      <FileInfo>
        <Attr Name="ImportPath" Val="$PPRDIR/../HWTrigger/HWTrigger.srcs/sources_1/imports/sources_1/segmentdecoder.vhd"/>
        <Attr Name="ImportTime" Val="1418390554"/>
        <Attr Name="UsedIn" Val="synthesis"/>
        <Attr Name="UsedIn" Val="simulation"/>
      </FileInfo>
    </File>
    <File Path="$PSRCDIR/sources_1/imports/sources_1/imports/sources_1/segmentdriver.vhd">
      <FileInfo>
        <Attr Name="ImportPath" Val="$PPRDIR/../HWTrigger/HWTrigger.srcs/sources_1/imports/sources_1/segmentdriver.vhd"/>
        <Attr Name="ImportTime" Val="1450998102"/>
        <Attr Name="UsedIn" Val="synthesis"/>
        <Attr Name="UsedIn" Val="simulation"/>
      </FileInfo>
    </File>
    <File Path="$PSRCDIR/sources_1/imports/sources_1/imports/sources_1/TopDesign.vhd">
      <FileInfo>
        <Attr Name="ImportPath" Val="$PPRDIR/../HWTrigger/HWTrigger.srcs/sources_1/imports/sources_1/TopDesign.vhd"/>
        <Attr Name="ImportTime" Val="1576601111"/>
        <Attr Name="UsedIn" Val="synthesis"/>
        <Attr Name="UsedIn" Val="simulation"/>
      </FileInfo>
    </File>
    <File Path="$PSRCDIR/sources_1/bd/design_1/design_1.bd">
      <FileInfo>
        <Attr Name="AutoDisabled" Val="1"/>
        <Attr Name="UsedIn" Val="synthesis"/>
        <Attr Name="UsedIn" Val="implementation"/>
        <Attr Name="UsedIn" Val="simulation"/>
      </FileInfo>
    </File>
    <Config>
      <Option Name="DesignMode" Val="RTL"/>
      <Option Name="TopModule" Val="TopDesign"/>
    </Config>
  </FileSet>
  <FileSet Name="constrs_in" Type="Constrs" RelSrcDir="$PSRCDIR/constrs_1">
    <Filter Type="Constrs"/>
    <File Path="$PSRCDIR/constrs_1/imports/constrs_1/Basys3_Master.xdc">
      <FileInfo>
        <Attr Name="ImportPath" Val="$PPRDIR/../HWTrigger/HWTrigger.srcs/constrs_1/imports/constrs_1/Basys3_Master.xdc"/>
        <Attr Name="ImportTime" Val="1576601095"/>
        <Attr Name="UsedIn" Val="synthesis"/>
        <Attr Name="UsedIn" Val="implementation"/>
      </FileInfo>
    </File>
    <Config>
      <Option Name="ConstrsType" Val="XDC"/>
    </Config>
  </FileSet>
  <FileSet Name="utils" Type="Utils" RelSrcDir="$PSRCDIR/utils_1">
    <Filter Type="Utils"/>
    <Config>
      <Option Name="TopAutoSet" Val="TRUE"/>
    </Config>
  </FileSet>
  <Strategy Version="1" Minor="2">
    <StratHandle Name="Vivado Synthesis Defaults" Flow="Vivado Synthesis 2019"/>
    <Step Id="synth_design"/>
  </Strategy>
</GenRun>
